Theme Category;gpt3;gpt4;llama;mixtral
Improved Code Readability & Maintainability;310;204;274;156
Removed Unnecessary Code;136;143;301;139
Improved Code Efficiency;88;120;116;77
No Manual Inspection;314;316;219;337
Improved Memory Management;83;156;150;158
Vectorization;84;153;151;71
Improved Indexing & Loops;54;75;61;62
Improved Comments;83;53;96;65
Improved Plots;44;55;58;47
Improved Matrix Operations;7;28;21;9
No Optimization;23;2;40;14
Others;20;15;9;8
Improved Error Handling;8;15;22;4
Improved Parallel Processing;0;3;25;5
