Theme Category;dataHuman;dataGpt3;dataGpt4;dataLlama;dataMixtral
Improved Code Readability & Maintainability;41;44;31;41;18
Removed Unnecessary Code;42;22;14;41;17
Improved Code Efficiency;35;10;18;18;7
No Manual Inspection;0;43;40;29;46
Improved Memory Management;3;9;22;17;16
Vectorization;1;10;22;25;8
Improved Indexing & Loops;11;11;15;9;8
Improved Comments;2;9;8;14;6
Improved Plots;0;4;7;4;5
Improved Matrix Operations;0;0;3;4;1
No Optimization;4;4;0;3;2
Others;4;2;4;0;0
Improved Error Handling;0;1;3;7;0
Improved Parallel Processing;0;0;0;3;2
