ScriptPath,ExecutionTime
/sampling/repos_projects_filtered_top100stars/Smart-Algorithm/Particle_Swarm_Optimization/PSO-basic/main.m,15.2818882465363
/sampling/repos_projects_filtered_top100stars/eeglab/functions/adminfunc/biosigpathfirst.m,15.2818882465363
/sampling/repos_projects_filtered_top100stars/fieldtrip/external/afni/Test_m3dReorder.m,15.2818882465363
/sampling/repos_projects_filtered_top100stars/fieldtrip/qsub/private/generatesessionid.m,15.2818882465363
/sampling/repos_projects_filtered_top100stars/R-FCN/fetch_data/fetch_region_proposals.m,15.2818882465363
/sampling/repos_projects_filtered_top100stars/CAM/demo.m,15.2818882465363
/sampling/repos_projects_filtered_top100stars/matlab2tikz/test/suites/private/getEnvironment.m,15.2818882465363
/sampling/repos_projects_filtered_top100stars/bnt/SLP/examples/UCI_DataSets/monks1D.m,15.2818882465363
/sampling/repos_projects_filtered_top100stars/Smart-Algorithm/Immunity_Algorithm/IMA/main.m,15.2818882465363
/sampling/repos_projects_filtered_top100stars/Coursera-Machine-Learning-Stanford/Week 7/Programming Assignment/machine-learning-ex6/ex6/getVocabList.m,15.2818882465363
/sampling/repos_projects_filtered_top100stars/bnt/KPMtools/optimalMatchingTest.m,15.2818882465363
/sampling/repos_projects_filtered_top100stars/fieldtrip/external/besa/test_matlab2besa.m,15.2818882465363
/sampling/repos_projects_filtered_top100stars/Image-Harmonization-Dataset-iHarmony4/Lalonde and Efros/colorStatistics/3rd_party/emd/demo_emd.m,15.2818882465363
/sampling/repos_projects_filtered_top100stars/DeepLearnToolbox/tests/runalltests.m,15.2818882465363