orig_path;new_path
/sampling/repos_projects_filtered_top100stars/Algorithms_MathModels/?MATLAB ????30????????? ??/chapter1/BPDLX.m;/GPT/resource/Optimization-Human/m-files/BPDLX_humanOptimized.m
/sampling/repos_projects_filtered_top100stars/Algorithms_MathModels/HeuristicAlgorithm??????????????????????????/??????/MATLAB????30?????/??5 ??BP_Adaboost???????-????????/Bp_Ada_Fore.m;/GPT/resource/Optimization-Human/m-files/Bp_Ada_Fore_humanOptimized.m
/sampling/repos_projects_filtered_top100stars/Image-Fusion/General Evaluation Metric/Evaluation/Evaluation_for_Single_Algorithm.m;/GPT/resource/Optimization-Human/m-files/Evaluation_for_Single_Algorithm_humanOptimized.m
/sampling/repos_projects_filtered_top100stars/Algorithms_MathModels/HeuristicAlgorithm??????????????????????????/??????/MATLAB????30?????/??24 ???????????-???????/FuzzyNet.m;/GPT/resource/Optimization-Human/m-files/FuzzyNet_humanOptimized.m
/sampling/repos_projects_filtered_top100stars/Math_Model/3-1??-Algorithms_MathModels/HeuristicAlgorithm??????????????????????????/??????/MATLAB????30?????/??3 ??????BP????-???????/Genetic.m;/GPT/resource/Optimization-Human/m-files/Genetic_humanOptimized.m
/sampling/repos_projects_filtered_top100stars/OptimTraj/demo/quadRotor3d/MAIN_minThrottleTraj.m;/GPT/resource/Optimization-Human/m-files/MAIN_minThrottleTraj_humanOptimized.m
/sampling/repos_projects_filtered_top100stars/OptimTraj/demo/fiveLinkBiped/TEST_drawRobot.m;/GPT/resource/Optimization-Human/m-files/TEST_drawRobot_humanOptimized.m
/sampling/repos_projects_filtered_top100stars/Gait-Tracking-With-x-IMU/Gait Tracking With x-IMU/Quaternions/TestScript.m;/GPT/resource/Optimization-Human/m-files/TestScript_humanOptimized.m
/sampling/repos_projects_filtered_top100stars/Math_Model/2-1????+??/2012/B149/B149/B149???/M/Untitled.m;/GPT/resource/Optimization-Human/m-files/Untitled_humanOptimized.m
/sampling/repos_projects_filtered_top100stars/Math_Model/2-1????+??/2012/B077/??/??/account4.m;/GPT/resource/Optimization-Human/m-files/account4_humanOptimized.m
/sampling/repos_projects_filtered_top100stars/Algorithms_MathModels/?MATLAB????????/?????/chap11/chap11_2.m;/GPT/resource/Optimization-Human/m-files/chap11_2_humanOptimized.m
/sampling/repos_projects_filtered_top100stars/Algorithms_MathModels/?MATLAB????????/?????/chap11/chap11_4.m;/GPT/resource/Optimization-Human/m-files/chap11_4_humanOptimized.m
/sampling/repos_projects_filtered_top100stars/Algorithms_MathModels/?MATLAB????????/?????/chap13/chap13_18.m;/GPT/resource/Optimization-Human/m-files/chap13_18_humanOptimized.m
/sampling/repos_projects_filtered_top100stars/Math_Model/3-1??-Algorithms_MathModels/HeuristicAlgorithm??????????????????????????/??????/MATLAB????30?????/??10 ??Hopfield???????——????????/chapter10.m;/GPT/resource/Optimization-Human/m-files/chapter10_humanOptimized.m
/sampling/repos_projects_filtered_top100stars/Algorithms_MathModels/?MATLAB ????30????????? ??/chapter1/chapter1_1.m;/GPT/resource/Optimization-Human/m-files/chapter1_1_humanOptimized.m
/sampling/repos_projects_filtered_top100stars/automatic-driving-decision-and-planning-for-matlab/EMPlanner_v0.1/emplanner_init.m;/GPT/resource/Optimization-Human/m-files/emplanner_init_humanOptimized.m
/sampling/repos_projects_filtered_top100stars/matlab2tikz/src/private/getEnvironment.m;/GPT/resource/Optimization-Human/m-files/getEnvironment_humanOptimized.m
/sampling/repos_projects_filtered_top100stars/Machine-Learning-homework/machine-learning-ex6/ex6/getVocabList.m;/GPT/resource/Optimization-Human/m-files/getVocabList_humanOptimized.m
/sampling/repos_projects_filtered_top100stars/OpenTLD/other/init_workspace.m;/GPT/resource/Optimization-Human/m-files/init_workspace_humanOptimized.m
/sampling/repos_projects_filtered_top100stars/Math_Model/2-1????+??/2013/A117/1A0902/??/???/lengthstat.m;/GPT/resource/Optimization-Human/m-files/lengthstat_humanOptimized.m
/sampling/repos_projects_filtered_top100stars/Smart-Algorithm/Particle_Swarm_Optimization/PSO-basic/main.m;/GPT/resource/Optimization-Human/m-files/main1_humanOptimized.m
/sampling/repos_projects_filtered_top100stars/Smart-Algorithm/Immunity_Algorithm/IMA?????????/main.m;/GPT/resource/Optimization-Human/m-files/main2_humanOptimized.m
/sampling/repos_projects_filtered_top100stars/NaveGo/examples/sensor-read-example/navego_example_sensor_read.m;/GPT/resource/Optimization-Human/m-files/navego_example_sensor_read_humanOptimized.m
/sampling/repos_projects_filtered_top100stars/Math_Model/2-1????+??/2013/B254/814???????????/??/p3/p3.m;/GPT/resource/Optimization-Human/m-files/p3_humanOptimized.m
/sampling/repos_projects_filtered_top100stars/Math_Model/2-1????+??/2012/B077/??/??/profit.m;/GPT/resource/Optimization-Human/m-files/profit_humanOptimized.m
